<?xml version="1.0" encoding="UTF-8"?>
<project-private xmlns="http://www.netbeans.org/ns/project-private/1">
    <editor-bookmarks xmlns="http://www.netbeans.org/ns/editor-bookmarks/2" lastBookmarkId="0"/>
    <open-files xmlns="http://www.netbeans.org/ns/projectui-open-files/2">
        <group>
            <file>file:/C:/Users/cse17-029/Documents/NetBeansProjects/DetourSystem/src/detoursystem/AccessCSVFile.java</file>
            <file>file:/C:/Users/cse17-029/Documents/NetBeansProjects/DetourSystem/src/detoursystem/GUI.java</file>
            <file>file:/C:/Users/cse17-029/Documents/NetBeansProjects/DetourSystem/src/detoursystem/Marketing.java</file>
            <file>file:/C:/Users/cse17-029/Documents/NetBeansProjects/DetourSystem/src/detoursystem/DetourSystem.java</file>
            <file>file:/C:/Users/cse17-029/Documents/NetBeansProjects/DetourSystem/src/detoursystem/Accounts.java</file>
            <file>file:/C:/Users/cse17-029/Documents/NetBeansProjects/DetourSystem/src/detoursystem/Temporary.java</file>
            <file>file:/C:/Users/cse17-029/Documents/NetBeansProjects/DetourSystem/src/detoursystem/GUISalaryCalculation.java</file>
            <file>file:/C:/Users/cse17-029/Documents/NetBeansProjects/DetourSystem/src/detoursystem/GUISearch.java</file>
            <file>file:/C:/Users/cse17-029/Documents/NetBeansProjects/DetourSystem/src/detoursystem/GUIEmployeeBreakdown.java</file>
            <file>file:/C:/Users/cse17-029/Documents/NetBeansProjects/DetourSystem/src/detoursystem/Management.java</file>
            <file>file:/C:/Users/cse17-029/Documents/NetBeansProjects/DetourSystem/src/detoursystem/HumanResources.java</file>
            <file>file:/C:/Users/cse17-029/Documents/NetBeansProjects/DetourSystem/src/detoursystem/Employee.java</file>
            <file>file:/C:/Users/cse17-029/Documents/NetBeansProjects/DetourSystem/src/detoursystem/Support.java</file>
        </group>
    </open-files>
</project-private>
